[
	{
		"namespace": "domainProvider",
		"functions": [
			{
				"name": "register",
				"type": "function",
				"async": true,
				"parameters": []
			},
			{
				"name": "indexingFolder",
				"type": "function",
				"async": true,
				"parameters": [
					{
						"name": "folderID",
						"type": "string"
					}
				]
			},
			{
				"name": "searchDomainInfo",
				"type": "function",
				"async": true,
				"parameters": []
			},
			{
				"name": "searchDomain",
				"type": "function",
				"async": true,
				"parameters": [
					{
						"name": "domain",
						"type": "string"
					}
				]
			},
			{
				"name": "searchDomain2",
				"type": "function",
				"async": true,
				"parameters": [
					{
						"name": "domain",
						"type": "string"
					},
					{
						"name": "id_from",
						"type": "integer"
					},
					{
						"name": "id_to",
						"type": "integer"
					}
				]
			},
			{
				"name": "messageBrowserAddCSS",
				"type": "function",
				"async": true,
				"parameters": [
					{
						"name": "css_filepath",
						"type": "string"
					}
				]
			},
			{
				"name": "headerRowClear",
				"type": "function",
				"async": true,
				"parameters": []
			},
			{
				"name": "headerAddIcon",
				"type": "function",
				"async": true,
				"parameters": [
					{
						"name": "icon",
						"type": "string"
					},
					{
						"name": "label",
						"type": "string"
					},
					{
						"name": "elementID",
						"optional": true,
						"type": "string"
					}
				]
			},
			{
				"name": "headerAddButton",
				"type": "function",
				"async": true,
				"parameters": [
					{
						"name": "label",
						"type": "string"
					},
					{
						"name": "icon",
						"type": "string"
					},
					{
						"name": "elementID",
						"optional": true,
						"type": "string"
					}
				]
			},
			{
				"name": "headerAddLink",
				"type": "function",
				"async": true,
				"parameters": [
					{
						"name": "url",
						"type": "string"
					},
					{
						"name": "label",
						"type": "string"
					}
				]
			},
			{
				"name": "headerAddList",
				"type": "function",
				"async": true,
				"parameters": [
					{
						"name": "items",
						"type": "array",
						"items": {
							"type": "string"
						}
					}
				]
			}
		]
	}
]
